{
  "mape": 0.2237691601005844,
  "rmse": 2.613766999999598,
  "mae": 2.613766999999598
}