{
  "mape": 0.8029723679825705,
  "rmse": 61.00304599999981,
  "mae": 61.00304599999981
}