{
  "mape": 2.011279362516834,
  "rmse": 152.7999871013344,
  "mae": 152.7999871013344
}