{
  "mape": 12.455789564376216,
  "rmse": 3.8186635795935935,
  "mae": 3.8186635795935935
}