{
  "mape": 2.1029840039051404,
  "rmse": 1.6429753271158063,
  "mae": 1.6429753271158063
}