{
  "mape": 0.13471183819738117,
  "rmse": 1.5735204843747397,
  "mae": 1.5735204843747397
}