{
  "mape": 6.623779373070988,
  "rmse": 5.174887712890623,
  "mae": 5.174887712890623
}