{
  "mape": 0.8612204588084689,
  "rmse": 65.42824306249895,
  "mae": 65.42824306249895
}