{
  "mape": 3.847707904497223,
  "rmse": 0.524684992980955,
  "mae": 0.524684992980955
}