{
  "mape": 3.9492474004933316,
  "rmse": 1.2107500000000044,
  "mae": 1.2107500000000044
}