{
  "mape": 2.190910233147549,
  "rmse": 0.29875909212269924,
  "mae": 0.29875909212269924
}