{
  "mape": 2.788732892407195,
  "rmse": 32.57418494447984,
  "mae": 32.57418494447984
}