{
  "mape": 8.150735037892105,
  "rmse": 2.4988311560058634,
  "mae": 2.4988311560058634
}