{
  "mape": 3.578058940166922,
  "rmse": 2.795390999999995,
  "mae": 2.795390999999995
}