{
  "mape": 0.267161913422265,
  "rmse": 0.036431000000000324,
  "mae": 0.036431000000000324
}